{"inputUnits":[42],"outputUnits":3,"inputs":{"0":{"dtype":"number","min":57.694885621997976,"max":310.3051191171619},"1":{"dtype":"number","min":282.0046062760184,"max":457.899293508448},"2":{"dtype":"number","min":92.70631993245901,"max":358.0345333676385},"3":{"dtype":"number","min":294.99224166622173,"max":454.0841429916541},"4":{"dtype":"number","min":108.28170939307054,"max":398.2746431480641},"5":{"dtype":"number","min":292.0757861368169,"max":431.30627441001576},"6":{"dtype":"number","min":108.38863889150127,"max":423.02521417966545},"7":{"dtype":"number","min":262.64882147600224,"max":412.5999690345711},"8":{"dtype":"number","min":98.26821783905454,"max":441.5473500059201},"9":{"dtype":"number","min":234.0720376096341,"max":406.36980570744305},"10":{"dtype":"number","min":94.11970556817508,"max":391.52684710612266},"11":{"dtype":"number","min":239.83434120086062,"max":388.2178251537654},"12":{"dtype":"number","min":82.55232944626597,"max":416.95627144565776},"13":{"dtype":"number","min":201.65263141119726,"max":371.31434681147937},"14":{"dtype":"number","min":72.25352199613604,"max":435.54820463490535},"15":{"dtype":"number","min":173.15701218707807,"max":374.8979183972961},"16":{"dtype":"number","min":63.289990183028074,"max":455.131627949485},"17":{"dtype":"number","min":147.7776100686531,"max":389.68668992255186},"18":{"dtype":"number","min":71.29526596251324,"max":360.84132225194713},"19":{"dtype":"number","min":233.5104882275323,"max":372.5042594431136},"20":{"dtype":"number","min":51.91860324675314,"max":388.522335628279},"21":{"dtype":"number","min":209.99907403679217,"max":364.27949480649227},"22":{"dtype":"number","min":38.676096064505856,"max":411.9328915190087},"23":{"dtype":"number","min":177.71063051363643,"max":396.3847939402995},"24":{"dtype":"number","min":29.938925217470874,"max":434.2764905361853},"25":{"dtype":"number","min":150.629219472076,"max":404.85987239210925},"26":{"dtype":"number","min":49.82577511497882,"max":329.81051137337477},"27":{"dtype":"number","min":231.29853272903873,"max":371.04056379668},"28":{"dtype":"number","min":33.66118609270723,"max":349.67866490543986},"29":{"dtype":"number","min":202.83973939125426,"max":387.57767819878916},"30":{"dtype":"number","min":22.637425524291146,"max":371.52981542149615},"31":{"dtype":"number","min":181.8809906738083,"max":408.84274456745976},"32":{"dtype":"number","min":15.874004200854245,"max":391.9450597101595},"33":{"dtype":"number","min":160.13776676298278,"max":415.4058826418472},"34":{"dtype":"number","min":29.811960344677445,"max":297.388670296046},"35":{"dtype":"number","min":226.14670546229908,"max":379.84098341045416},"36":{"dtype":"number","min":19.438908199314582,"max":301.58271974343774},"37":{"dtype":"number","min":206.87796667371038,"max":406.7069596695088},"38":{"dtype":"number","min":13.109574157558825,"max":308.0171075237308},"39":{"dtype":"number","min":195.55344040773997,"max":421.8621521869765},"40":{"dtype":"number","min":7.223192653978018,"max":319.04174704005567},"41":{"dtype":"number","min":178.35201941428608,"max":424.45033920438186}},"outputs":{"0":{"dtype":"string","min":0,"max":1,"uniqueValues":["b","e","c"],"legend":{"b":[1,0,0],"e":[0,1,0],"c":[0,0,1]}}},"isNormalized":true}